Unnamed: 0,Neighbourhood,Neighbourhood Latitude,Neighbourhood Longitude,Venue,id,Venue Latitude,Venue Longitude,Venue Category,ratings
0,Marble Hill,40.87655077879964,-73.91065965862981,Arturo's,4b4429abf964a52037f225e3,40.87441177110232,-73.91027100981573,Pizza Place,8.0
1,Marble Hill,40.87655077879964,-73.91065965862981,Bikram Yoga,4baf59e8f964a520a6f93be3,40.87684369079794,-73.90620384419528,Yoga Studio,8.8
2,Marble Hill,40.87655077879964,-73.91065965862981,Tibbett Diner,4b79cc46f964a520c5122fe3,40.8804044222466,-73.90893738006402,Diner,8.8
3,Marble Hill,40.87655077879964,-73.91065965862981,Dunkin',4b5357adf964a520319827e3,40.87713584201589,-73.90666550701411,Donut Shop,7.7
4,Marble Hill,40.87655077879964,-73.91065965862981,Starbucks,55f81cd2498ee903149fcc64,40.87753134921497,-73.90558216359267,Coffee Shop,8.0
5,Marble Hill,40.87655077879964,-73.91065965862981,Astral Fitness & Wellness Center,4cf6ae55d3a8a1cd71a9d243,40.87670526507199,-73.90637207670373,Gym,7.5
6,Marble Hill,40.87655077879964,-73.91065965862981,Blink Fitness,55f751ca498eacc0307d1cfe,40.87727149594463,-73.90559491338075,Gym,7.7
7,Marble Hill,40.87655077879964,-73.91065965862981,T.J. Maxx,546d31ca498e561c698a0320,40.877231983433525,-73.90504239962169,Department Store,7.6
8,Marble Hill,40.87655077879964,-73.91065965862981,Land & Sea Restaurant,4b9c9c6af964a520b27236e3,40.877884633097885,-73.90587282193539,Seafood Restaurant,7.4
9,Marble Hill,40.87655077879964,-73.91065965862981,TCR The Club of Riverdale,4a725fa1f964a520f6da1fe3,40.8786283,-73.9145678,Tennis Stadium,7.3
10,Marble Hill,40.87655077879964,-73.91065965862981,Rite Aid,4b88e053f964a5208a1132e3,40.875466574434704,-73.90890629016033,Pharmacy,6.7
11,Marble Hill,40.87655077879964,-73.91065965862981,Starbucks,57655be738faa66160da7527,40.87375455421852,-73.9086130534367,Coffee Shop,7.1
12,Marble Hill,40.87655077879964,-73.91065965862981,Lot Less Closeouts,4b9c9c43f964a520ac7236e3,40.87827042220209,-73.90526467426041,Discount Store,7.4
13,Marble Hill,40.87655077879964,-73.91065965862981,Vitamin Shoppe,5631194e498e2de074de661c,40.877159999999996,-73.905632,Supplement Shop,7.2
14,Marble Hill,40.87655077879964,-73.91065965862981,Baskin-Robbins,4e4e4517bd4101d0d7a67568,40.877149294788815,-73.90665810372622,Ice Cream Shop,6.8
15,Marble Hill,40.87655077879964,-73.91065965862981,Subway Sandwiches,4b4f7b65f964a5205a0827e3,40.8746665302951,-73.90958584296371,Sandwich Place,6.6
16,Marble Hill,40.87655077879964,-73.91065965862981,Five Below,56229ff8498e2abb44b6f12b,40.8772564,-73.9049384,Miscellaneous Shop,7.1
17,Marble Hill,40.87655077879964,-73.91065965862981,Boston Market,585c205665e7c70a2f1055ea,40.87743,-73.90541209999999,American Restaurant,6.9
18,Marble Hill,40.87655077879964,-73.91065965862981,SUBWAY,4e4ce4debd413c4cc66d05d0,40.87846497932394,-73.9055176422437,Sandwich Place,7.0
19,Marble Hill,40.87655077879964,-73.91065965862981,TD Bank,4ec68016cc21b428e1d2060a,40.8794958,-73.90928559999999,Bank,6.6
20,Marble Hill,40.87655077879964,-73.91065965862981,Parrilla Latina,4dfe40df8877333e195b68fc,40.87747294351472,-73.9060734696857,Steakhouse,6.7
21,Marble Hill,40.87655077879964,-73.91065965862981,The Children's Place,4c852173dc018cfa2bc3e56c,40.87367159113313,-73.90815619608166,Kids Store,6.6
22,Marble Hill,40.87655077879964,-73.91065965862981,Broadway Plaza,53319bb511d2ef06787f02b4,40.87753906779665,-73.90539578168179,Shopping Mall,6.6
23,Marble Hill,40.87655077879964,-73.91065965862981,Subway,4d0a529133d6b60cf4cf9985,40.87772035111532,-73.90537973066262,Sandwich Place,6.6
24,Marble Hill,40.87655077879964,-73.91065965862981,Terrace View Delicatessen,4ed7956b8b81b2bf28adc714,40.875995,-73.913151,Deli / Bodega,not rated
25,Marble Hill,40.87655077879964,-73.91065965862981,Grill 26 at TCR,5012c967e889cf0567e9e2d4,40.87880220951713,-73.9156723022461,American Restaurant,not rated
26,Chinatown,40.71561842231432,-73.99427936255978,Cheeky Sandwiches,4b1896caf964a52069d423e3,40.715821000000005,-73.99183000000001,Sandwich Place,9.0
27,Chinatown,40.71561842231432,-73.99427936255978,Hotel 50 Bowery NYC,578692f4498e1054905dbde7,40.7159364,-73.99678940000001,Hotel,9.0
28,Chinatown,40.71561842231432,-73.99427936255978,Da Yu Hot Pot 大渝火锅,5d992946dbf3ca0008d05211,40.716735,-73.995752,Hotpot Restaurant,8.8
29,Chinatown,40.71561842231432,-73.99427936255978,Kiki's,5521c2ff498ebe2368634187,40.71447608287687,-73.99203609673216,Greek Restaurant,9.3
30,Chinatown,40.71561842231432,-73.99427936255978,Bar Belly,503fffabe4b05e5c0eace385,40.71513492837161,-73.99180174375184,Cocktail Bar,9.0
31,Chinatown,40.71561842231432,-73.99427936255978,Scarr's Pizza,56c3c626cd106998d2b196d0,40.715335008813696,-73.99164900167455,Pizza Place,9.1
32,Chinatown,40.71561842231432,-73.99427936255978,Spicy Village,4db3374590a0843f295fb69b,40.717009999999995,-73.99353,Chinese Restaurant,8.7
33,Chinatown,40.71561842231432,-73.99427936255978,Renew Day Spa,4edbbcf729c2b9122a06991c,40.715559000000006,-73.996747,Spa,8.7
34,Chinatown,40.71561842231432,-73.99427936255978,The Fat Radish,4c9d482e46978cfa8247967f,40.715322528335335,-73.99194951476356,English Restaurant,8.6
35,Chinatown,40.71561842231432,-73.99427936255978,Michaeli Bakery,5cd1aa6a9d746800394f556d,40.71470398399014,-73.99184703826903,Bakery,8.8
36,Chinatown,40.71561842231432,-73.99427936255978,Regina's Grocery,59318ce1c5b11c6c16c15d29,40.71545271972335,-73.99162066038105,Sandwich Place,8.7
37,Chinatown,40.71561842231432,-73.99427936255978,Museum at Eldridge Street,4b37a3c9f964a5207e4325e3,40.714724,-73.99349699999999,Museum,8.4
38,Chinatown,40.71561842231432,-73.99427936255978,Wah Fung Number 1 Fast Food 華豐快飯店,4a96bf8ff964a520ce2620e3,40.71727831655619,-73.99417731304892,Chinese Restaurant,8.3
39,Chinatown,40.71561842231432,-73.99427936255978,Xi'an Famous Foods,5894c9a15e56b417cf79e553,40.715231941715004,-73.99726288220869,Chinese Restaurant,8.9
40,Chinatown,40.71561842231432,-73.99427936255978,Super Taste (百味蘭州拉面) (Super Taste),49e8ee2ef964a520af651fe3,40.71519757566772,-73.99351118851399,Noodle House,8.3
41,Chinatown,40.71561842231432,-73.99427936255978,GoGreen Organic Spa,4afde8eaf964a520f52b22e3,40.717014,-73.995847,Spa,8.3
42,Chinatown,40.71561842231432,-73.99427936255978,Metrograph,56bf8899cd102af95de0a66e,40.714998539086416,-73.99103539533131,Indie Movie Theater,9.5
43,Chinatown,40.71561842231432,-73.99427936255978,The Sill,507820cee4b0bf54e0b19f39,40.716244858728366,-73.99202728744018,Garden Center,8.3
44,Chinatown,40.71561842231432,-73.99427936255978,Dimes,522dfe8b7e4826517408a264,40.71483045349728,-73.99171854350031,American Restaurant,8.5
45,Chinatown,40.71561842231432,-73.99427936255978,The Crown,59287ec99cadd905284e4052,40.7159596120117,-73.99671727688867,Roof Deck,8.3
46,Chinatown,40.71561842231432,-73.99427936255978,WOON,4c00402d369476b021218f1f,40.71608055070792,-73.99168134841135,Salon / Barbershop,8.5
47,Chinatown,40.71561842231432,-73.99427936255978,Forgtmenot,4fd38a04e4b065401a9aaf88,40.7144587613216,-73.9915463794752,New American Restaurant,8.9
48,Chinatown,40.71561842231432,-73.99427936255978,Little Sheep Mongolian Hot Pot,57a29225498e96334ebe06d9,40.71763897806861,-73.99518735688362,Hotpot Restaurant,8.6
49,Chinatown,40.71561842231432,-73.99427936255978,Teado,4b2ebc57f964a520e3e524e3,40.717184229285884,-73.99488329887392,Bubble Tea Shop,8.2
50,Chinatown,40.71561842231432,-73.99427936255978,Sam's Fried Ice Cream,58f25962c5b11c7b5a2192de,40.71581408226115,-73.99145645060749,Ice Cream Shop,8.7
51,Chinatown,40.71561842231432,-73.99427936255978,Yaya Tea Garden,4a023f1df964a52040711fe3,40.71617656047733,-73.9949019921924,Tea Room,8.2
52,Chinatown,40.71561842231432,-73.99427936255978,Cervo's,59480a78f62e090a3b4d6eb7,40.714762540056384,-73.99145547895716,Spanish Restaurant,8.3
53,Chinatown,40.71561842231432,-73.99427936255978,Sky Ting Yoga,5cbe4ef7e679bc002c14f590,40.715352,-73.992666,Yoga Studio,8.5
54,Chinatown,40.71561842231432,-73.99427936255978,Chinatown Soup,54e0da16498e94a8f0d9de0f,40.71518422476716,-73.99171537302827,Historic Site,8.4
55,Chinatown,40.71561842231432,-73.99427936255978,Chop Suey Club,573151a0498e6b3ca1939e51,40.716192,-73.991359,Boutique,8.0
56,Chinatown,40.71561842231432,-73.99427936255978,Ling Kee,4b89ac72f964a520e94a32e3,40.714713,-73.991538,Asian Restaurant,8.3
57,Chinatown,40.71561842231432,-73.99427936255978,Off The Bridge,557c335b498ec492c5d567dd,40.7156224031629,-73.99423665033953,Bike Shop,8.6
58,Chinatown,40.71561842231432,-73.99427936255978,Coming Soon,535f8dc4498eab7f9ee19f7f,40.71573798248132,-73.99144123696132,Furniture / Home Store,8.5
59,Chinatown,40.71561842231432,-73.99427936255978,The Commissary,572bcbaa498e16431ad34a61,40.71500419213064,-73.99100963130398,American Restaurant,8.0
60,Chinatown,40.71561842231432,-73.99427936255978,Mian Tian Sing Hair Salon,4bd763f30b779c74411005a0,40.71663017749777,-73.99732784630237,Salon / Barbershop,9.4
61,Chinatown,40.71561842231432,-73.99427936255978,Lan Zhou Handmade Noodle & Dumpling,59e7bfa8356b4970aea1be3f,40.71554266411927,-73.99674213744804,Noodle House,8.0
62,Chinatown,40.71561842231432,-73.99427936255978,Wayla,5cc4e9d0c876c8002c3010cb,40.7182908437571,-73.99258397519587,Thai Restaurant,7.9
63,Chinatown,40.71561842231432,-73.99427936255978,Fong On,5596ea13498e6d86ec66d614,40.714165,-73.9937,Dessert Shop,8.3
64,Chinatown,40.71561842231432,-73.99427936255978,Joe's Shanghai 鹿嗚春,5ded51eaf492de00080966ed,40.715660976853044,-73.99669268189086,Shanghai Restaurant,8.9
65,Chinatown,40.71561842231432,-73.99427936255978,Bacaro,472a027af964a520ea4b1fe3,40.714467897557796,-73.9915893664933,Italian Restaurant,8.0
66,Chinatown,40.71561842231432,-73.99427936255978,The Original Chinatown Ice Cream Factory,3fd66200f964a52033eb1ee3,40.71552144597582,-73.99814520882326,Ice Cream Shop,8.1
67,Chinatown,40.71561842231432,-73.99427936255978,2 Bridges Music & Arts,585b2211abc6d60cc3f677df,40.713651,-73.994377,Record Shop,8.0
68,Chinatown,40.71561842231432,-73.99427936255978,La Petite Mort,529ccfdc498e49b7aa41cd22,40.715906,-73.991515,Boutique,8.8
69,Chinatown,40.71561842231432,-73.99427936255978,New Malaysia,4bb92a9453649c74dacb47fb,40.715786861307095,-73.9969050590344,Malay Restaurant,9.1
70,Chinatown,40.71561842231432,-73.99427936255978,oo35mm.com,4faf47ac121dc10e48519a89,40.716604729318206,-73.99789000508754,Cosmetics Shop,8.7
71,Chinatown,40.71561842231432,-73.99427936255978,Simple,574f2ae0498ec2a700651b95,40.718145142030956,-73.99198775758144,Asian Restaurant,8.1
72,Chinatown,40.71561842231432,-73.99427936255978,Dimes Deli,56152506498ef893010e1273,40.71459195873029,-73.99081729031317,Organic Grocery,7.9
73,Chinatown,40.71561842231432,-73.99427936255978,Jing Fong Restaurant 金豐大酒樓,3fd66200f964a520d5e31ee3,40.715881202941205,-73.99720861552515,Dim Sum Restaurant,8.4
74,Chinatown,40.71561842231432,-73.99427936255978,Grand Seoul,5b4169604a1cc0002c9bdb7c,40.717446839086094,-73.99425648068716,Korean Restaurant,7.8
75,Chinatown,40.71561842231432,-73.99427936255978,Nam Son Vietnamese Restaurant,4a7e3d0cf964a52088f11fe3,40.718214526047454,-73.99434463491644,Vietnamese Restaurant,8.3
76,Chinatown,40.71561842231432,-73.99427936255978,Rabbit House,56f73e71498efedad2c1e41c,40.717233020069855,-73.99326860904694,Sake Bar,8.9
77,Chinatown,40.71561842231432,-73.99427936255978,Sofar HQ,57d9e582498e1a4d9f13ede7,40.713522533975755,-73.99628875186677,Music Venue,8.2
78,Chinatown,40.71561842231432,-73.99427936255978,Apothéke,48c91543f964a520e4511fe3,40.71446997055456,-73.99801834428807,Cocktail Bar,8.0
79,Chinatown,40.71561842231432,-73.99427936255978,Hong Kong Supermarket 香港超級市場,4ae4bf7ef964a520bf9d21e3,40.717595732385966,-73.99617253722293,Supermarket,8.1
80,Chinatown,40.71561842231432,-73.99427936255978,Great N.Y. Noodletown,3fd66200f964a520b1ea1ee3,40.715039001656855,-73.99694075378208,Chinese Restaurant,7.9
81,Chinatown,40.71561842231432,-73.99427936255978,99 Favor Taste 99號餐廳,530ff20411d2a01b7bb8a19c,40.71756,-73.99258,Hotpot Restaurant,9.1
82,Chinatown,40.71561842231432,-73.99427936255978,Winnie’s Bar,5c65df02178a2a002c123450,40.71365422614806,-73.99519249882736,Karaoke Bar,8.7
83,Chinatown,40.71561842231432,-73.99427936255978,Little Canal,579f74eb498e9a4d6caabeda,40.714317,-73.990361,Coffee Shop,8.9
84,Chinatown,40.71561842231432,-73.99427936255978,l'estudio,587996ef0923920c21ea4603,40.71571997526929,-73.99033245121464,American Restaurant,8.5
85,Chinatown,40.71561842231432,-73.99427936255978,Golden Diner,5b9686e7d807ee002c498f8d,40.71245135327847,-73.99421274662019,Diner,8.1
86,Chinatown,40.71561842231432,-73.99427936255978,Factory Tamal,5885471a0037eb3b6c2973d2,40.715876124907155,-73.99046733643608,Mexican Restaurant,8.6
87,Chinatown,40.71561842231432,-73.99427936255978,Phở Grand,4388f700f964a520162b1fe3,40.71782396789147,-73.99280072371245,Vietnamese Restaurant,8.7
88,Chinatown,40.71561842231432,-73.99427936255978,The Flower Shop,583e5099b21014593fb544b0,40.71805698854421,-73.9920596318328,American Restaurant,8.3
89,Chinatown,40.71561842231432,-73.99427936255978,Kopitiam,5b33b3c74a7aae002cb0611d,40.71397394589247,-73.9908676845466,Malay Restaurant,9.1
90,Chinatown,40.71561842231432,-73.99427936255978,V One Salon,4b76d3f4f964a52041622ee3,40.71471340153647,-73.99759144308398,Salon / Barbershop,8.7
91,Chinatown,40.71561842231432,-73.99427936255978,Zu Yuan Spa,517d6bede4b031459a5bc942,40.715468729173686,-73.9986270534065,Spa,9.2
92,Chinatown,40.71561842231432,-73.99427936255978,Malaysia Beef Jerky,4a00e0a7f964a520bc701fe3,40.71852709684469,-73.99582403497949,Snack Place,8.6
93,Chinatown,40.71561842231432,-73.99427936255978,CW Pencil Enterprise,5519bf61498ea5e5dde6cccc,40.71758268630868,-73.99066150188445,Paper / Office Supplies Store,8.8
94,Chinatown,40.71561842231432,-73.99427936255978,Peachy's,5ac97a9967f62b7f2980fe0d,40.71445204430717,-73.99799106067414,Cocktail Bar,8.8
95,Chinatown,40.71561842231432,-73.99427936255978,Joy's Flowers & Gifts,510eeed5e4b0ae0255d2fcee,40.71560293093889,-73.9899371418026,Gift Shop,8.4
96,Chinatown,40.71561842231432,-73.99427936255978,Mr. Fong's,5591ef05498e888b3bbd3ce1,40.71234870755251,-73.99429476756772,Cocktail Bar,8.3
97,Chinatown,40.71561842231432,-73.99427936255978,iLook,52699cd7498e879283280c11,40.716163255085476,-73.99815860374045,Optical Shop,8.3
98,Chinatown,40.71561842231432,-73.99427936255978,Yi Ji Shi Mo Noodle Corp,5c965dad5455b2002c058659,40.7182541242483,-73.99593030303214,Chinese Restaurant,8.3
99,Chinatown,40.71561842231432,-73.99427936255978,Fay Da Bakery,482c4142f964a520d14f1fe3,40.71676493044495,-73.99787389276216,Bakery,8.9
100,Chinatown,40.71561842231432,-73.99427936255978,JaJaJa Plantas Mexicana,58f55261419a9e48f4dd0706,40.71419762724543,-73.99015687364441,Mexican Restaurant,7.9
101,Chinatown,40.71561842231432,-73.99427936255978,Hwa Yuan,59d828f0916bc1155fde2c04,40.713618266530226,-73.99597818966741,Chinese Restaurant,8.2
102,Chinatown,40.71561842231432,-73.99427936255978,Gotham Archery,5af88a7c5a2c91002cf5554c,40.71749853701644,-73.99143013505147,Sports Club,7.9
103,Chinatown,40.71561842231432,-73.99427936255978,Reception Bar,5b35982a47f876003901d2e8,40.7163598,-73.9913564,Cocktail Bar,8.6
104,Chinatown,40.71561842231432,-73.99427936255978,Vanessa's Dumpling House,49eeaf08f964a52078681fe3,40.718316255518644,-73.991884980019,Dumpling Restaurant,7.7
105,Chinatown,40.71561842231432,-73.99427936255978,Pho Vietnam,53aee20d498e6744c341c483,40.717530440312295,-73.99412803138348,Vietnamese Restaurant,9.0
106,Chinatown,40.71561842231432,-73.99427936255978,Cafe Katja,49c3a162f964a52067561fe3,40.71772249773717,-73.9904973426323,Austrian Restaurant,8.8
107,Chinatown,40.71561842231432,-73.99427936255978,Shu Jiao Fu Zhou Cuisine 潭頭王福州小吃 (Shu Jiao Fu Zhou Cuisine),4b391426f964a520ae5525e3,40.718432,-73.991701,Dumpling Restaurant,8.3
108,Chinatown,40.71561842231432,-73.99427936255978,Shanghai Café Deluxe,46936ee3f964a520d0481fe3,40.717334120160594,-73.9974851229737,Chinese Restaurant,9.1
109,Chinatown,40.71561842231432,-73.99427936255978,H Optics,4bbbbbf8e4529521741a55a4,40.7177568898041,-73.99044147871669,Optical Shop,9.3
110,Chinatown,40.71561842231432,-73.99427936255978,MooShoes NYC,4af74e12f964a520330822e3,40.717860843840974,-73.99037749508855,Shoe Store,8.3
111,Chinatown,40.71561842231432,-73.99427936255978,Big Wong King 大旺,3fd66200f964a520ede41ee3,40.71619620821637,-73.99830311536789,Chinese Restaurant,8.0
112,Chinatown,40.71561842231432,-73.99427936255978,Clandestino,43e51ac7f964a520f12e1fe3,40.71463948084424,-73.99101333557718,Bar,8.7
113,Chinatown,40.71561842231432,-73.99427936255978,Eye Solutions,4bb79dbb1261d13ad893e798,40.7149274142558,-73.99877357992021,Optical Shop,8.8
114,Chinatown,40.71561842231432,-73.99427936255978,Las’ Lap,5aff741595d986002c288ea1,40.717690463104404,-73.99043516357852,Bar,8.3
115,Chinatown,40.71561842231432,-73.99427936255978,Zest Ramen,5a506d2318d43b4d678a46ff,40.718144622768186,-73.99197844783383,Ramen Restaurant,8.9
116,Chinatown,40.71561842231432,-73.99427936255978,La Bella Ferrara,3fd66200f964a520bce61ee3,40.71744962394581,-73.99837323694786,Bakery,8.4
117,Chinatown,40.71561842231432,-73.99427936255978,Nom Wah Tea Parlor,49f220a3f964a520ee691fe3,40.714512,-73.998235,Dim Sum Restaurant,8.6
118,Chinatown,40.71561842231432,-73.99427936255978,Bibble & Sip,5ca79ef7c0af570039248a87,40.7180245169494,-73.99756154835737,Dessert Shop,9.0
119,Chinatown,40.71561842231432,-73.99427936255978,Orchard Grocer,589bb0fddfa6ff5e1dc8649f,40.71784735323789,-73.99035763050084,Vegetarian / Vegan Restaurant,8.7
120,Chinatown,40.71561842231432,-73.99427936255978,The Great Frog,4ee2ab396c25be962ead2329,40.717598653646384,-73.99045659548838,Jewelry Store,8.7
121,Chinatown,40.71561842231432,-73.99427936255978,Wu's Wonton King,56a96c6f498e5f93f0a505fd,40.71399163703321,-73.99016885345091,Cantonese Restaurant,8.2
122,Chinatown,40.71561842231432,-73.99427936255978,Taiwan Pork Chop House 臺灣武昌好味道,49f61fe9f964a520046c1fe3,40.71436751328666,-73.99786861896594,Taiwanese Restaurant,8.1
123,Chinatown,40.71561842231432,-73.99427936255978,Mango Mango Dessert - Bayard St.,51bbe134498e54bba6bfa151,40.71551587230272,-73.99802376966319,Dessert Shop,7.8
124,Chinatown,40.71561842231432,-73.99427936255978,Shanghai Asian Cuisine • 上海小館,4abac118f964a520cb8220e3,40.7159178087348,-73.99731143865941,Shanghai Restaurant,8.4
125,Chinatown,40.71561842231432,-73.99427936255978,Cafe Grumpy,4df7603c7d8b5f396ac5cfd5,40.71506878269568,-73.98995222774947,Coffee Shop,8.6
126,Washington Heights,40.851902525553044,-73.93690027985234,Green Juice Cafe,5547b2fb498e5a61fb5c80de,40.85189793238417,-73.93482699423339,Café,8.8
127,Washington Heights,40.851902525553044,-73.93690027985234,The Uptown Garrison,59f76cd528374e40d82f761b,40.85125539385439,-73.93947295544034,Restaurant,8.3
128,Washington Heights,40.851902525553044,-73.93690027985234,Highest Natural Point In Manhattan,4bd341d79854d13a834ffd4d,40.85284300448839,-73.93764973534918,Park,8.6
129,Washington Heights,40.851902525553044,-73.93690027985234,Saggio Restaurant,4d21107c6e8c37042b58ff9f,40.85142251681508,-73.93976122140884,Italian Restaurant,8.7
130,Washington Heights,40.851902525553044,-73.93690027985234,Le Chéile,4e77e40118387f865961f673,40.851459036018426,-73.93998920917511,Café,8.1
131,Washington Heights,40.851902525553044,-73.93690027985234,Qmart,561c5c88498ee62a4dc1bc3c,40.851999159435756,-73.93491489398066,Market,8.5
132,Washington Heights,40.851902525553044,-73.93690027985234,Burger Heights,53a4688f498e92f6ece47c9f,40.85026807331502,-73.93461812752481,Burger Joint,8.0
133,Washington Heights,40.851902525553044,-73.93690027985234,Forever Coffee Bar,5bafd8419de23b002c772a72,40.850432533927176,-73.93660674414312,Coffee Shop,8.0
134,Washington Heights,40.851902525553044,-73.93690027985234,Tampopo Ramen,55d65695498ed8dc09c5b010,40.85069287922828,-73.93656823814172,Ramen Restaurant,7.9
135,Washington Heights,40.851902525553044,-73.93690027985234,Jin's Superette,4a458c8ef964a52051a81fe3,40.85098865024419,-73.93851430188998,Deli / Bodega,7.8
136,Washington Heights,40.851902525553044,-73.93690027985234,181st St Bakery & Deli,4a5b2d43f964a520eaba1fe3,40.85101361568652,-73.93859158137181,Bakery,8.1
137,Washington Heights,40.851902525553044,-73.93690027985234,Café Bark,5bafc50b9f8a9f0039c49dd3,40.851353,-73.93989599999999,Pet Café,7.9
138,Washington Heights,40.851902525553044,-73.93690027985234,Cabrini Wines,4a626b90f964a52008c41fe3,40.851292188704186,-73.93971626183753,Wine Shop,7.6
139,Washington Heights,40.851902525553044,-73.93690027985234,Bennett Wines & Liquor,4e07c4c92271dfa46bb191ac,40.850455754625905,-73.93676854425944,Liquor Store,7.6
140,Washington Heights,40.851902525553044,-73.93690027985234,Hudson View Restaurant,4a1a4dcbf964a520927a1fe3,40.85088843208624,-73.93823069541277,Breakfast Spot,7.6
141,Washington Heights,40.851902525553044,-73.93690027985234,Bennett Park,4a5924a7f964a520ccb81fe3,40.85296731395129,-73.93787361453009,Park,8.6
142,Washington Heights,40.851902525553044,-73.93690027985234,The Pandering Pig,56e213e1498e8b403c8bb16a,40.855226197706585,-73.93779261979789,American Restaurant,8.5
143,Washington Heights,40.851902525553044,-73.93690027985234,Vines on Pine,4b9ae9c5f964a52071e235e3,40.855277747978796,-73.93767127156606,Wine Shop,7.5
144,Washington Heights,40.851902525553044,-73.93690027985234,Altus Cafe,556faea8498e40d5a03fedce,40.85227048549662,-73.93468709744222,Cocktail Bar,8.0
145,Washington Heights,40.851902525553044,-73.93690027985234,Highbridge Park Pool,4bf22c1499d02d7f2efac948,40.84911020146309,-73.93683928010928,Pool,7.5
146,Washington Heights,40.851902525553044,-73.93690027985234,Yo Sweets,53caaede498e6db96d6a204f,40.850831318516285,-73.9378569165125,Frozen Yogurt Shop,8.6
147,Washington Heights,40.851902525553044,-73.93690027985234,Chittenden Overlook,4ba2ec2df964a520cc2238e3,40.855029705366675,-73.93936157226562,Scenic Lookout,not rated
148,Washington Heights,40.851902525553044,-73.93690027985234,Las Tapas,54405a3e498e5d4a84ee266c,40.85523384393846,-73.93728400575858,Tapas Restaurant,8.3
149,Washington Heights,40.851902525553044,-73.93690027985234,Fresco's Pizzeria,5503762d498e150bef780584,40.85520157236451,-73.93721648678681,Pizza Place,8.2
150,Washington Heights,40.851902525553044,-73.93690027985234,181 Cabrini,49f925bdf964a520656d1fe3,40.851251236650356,-73.9403428959984,New American Restaurant,7.8
151,Washington Heights,40.851902525553044,-73.93690027985234,Buunni Coffee,4fe30498e4b08d2f0d752131,40.85519403267616,-73.9377173781395,Café,8.1
152,Washington Heights,40.851902525553044,-73.93690027985234,La Casa del Mofongo,4afcba6af964a5206d2522e3,40.85026656753515,-73.9331453236254,Caribbean Restaurant,7.9
153,Washington Heights,40.851902525553044,-73.93690027985234,Fort Washington Bakery & Deli,4b5882bef964a520595b28e3,40.85104558248512,-73.93864460474616,Bakery,7.3
154,Washington Heights,40.851902525553044,-73.93690027985234,Terravita,5b57bb361acf11002c14ba96,40.848059,-73.93764499999999,New American Restaurant,8.1
155,Washington Heights,40.851902525553044,-73.93690027985234,Kismat Indian Restaurant,4ae7876ef964a5201eac21e3,40.85522172396485,-73.93696683600031,Indian Restaurant,7.7
156,Washington Heights,40.851902525553044,-73.93690027985234,Poción,57747010cd100bd4dbd9161e,40.84762878256225,-73.93837984011846,Lounge,8.3
157,Washington Heights,40.851902525553044,-73.93690027985234,AT&T,4e2c467d227197a112e202a3,40.84949305694621,-73.93456041812897,Mobile Phone Shop,7.5
158,Washington Heights,40.851902525553044,-73.93690027985234,The Vitamin Shoppe,4bdb02513904a593cf40489e,40.850117100000006,-73.9351315,Supplement Shop,7.2
159,Washington Heights,40.851902525553044,-73.93690027985234,La Cabana Salvadorena,4c16d2ec5e88c928c5ca2466,40.85433401375745,-73.9336768506694,Latin American Restaurant,7.6
160,Washington Heights,40.851902525553044,-73.93690027985234,181 Gourmet Deli,527dd322498e4b070fa0f484,40.851095815370044,-73.93892661241044,Deli / Bodega,7.0
161,Washington Heights,40.851902525553044,-73.93690027985234,Yang Garden,4b292f38f964a520939a24e3,40.85530896752232,-73.93783226069495,Chinese Restaurant,7.6
162,Washington Heights,40.851902525553044,-73.93690027985234,Monkey Room,419d3780f964a5202c1e1fe3,40.85497693265442,-73.93704592998373,Bar,7.3
163,Washington Heights,40.851902525553044,-73.93690027985234,Frank's Market,4a61fbe8f964a520c5c21fe3,40.85533405166097,-73.93716221785516,Grocery Store,7.4
164,Washington Heights,40.851902525553044,-73.93690027985234,T-Mobile,4cd421736be6a143f3c69802,40.85046159898994,-73.93528160613425,Mobile Phone Shop,6.9
165,Washington Heights,40.851902525553044,-73.93690027985234,Starbucks,4aafdf93f964a520f66420e3,40.85096145,-73.93833015,Coffee Shop,6.9
166,Washington Heights,40.851902525553044,-73.93690027985234,Lucky 7 Tapas Bar,4e8d32ebb803ca3dfcbd112e,40.85044675560533,-73.9330302761512,Tapas Restaurant,7.3
167,Washington Heights,40.851902525553044,-73.93690027985234,Planet Fitness,53bbf3be498e18ec3a07c2b0,40.84753584822694,-73.93793656267817,Gym / Fitness Center,7.7
168,Washington Heights,40.851902525553044,-73.93690027985234,Blink Fitness,5a3ea6ac610f044748e42d0c,40.848562,-73.936941,Gym,7.2
169,Washington Heights,40.851902525553044,-73.93690027985234,Dominican Square,4d8f9d9cd265236ab3df2417,40.852424033529694,-73.93488978196986,Plaza,6.8
170,Washington Heights,40.851902525553044,-73.93690027985234,Baskin-Robbins,4f997b58d4f21823bb1f5394,40.85044405488296,-73.9373276411219,Ice Cream Shop,6.8
171,Washington Heights,40.851902525553044,-73.93690027985234,Punto de Sabor Restaurant,4bb8cdb053649c74465847fb,40.85074,-73.93247,Spanish Restaurant,7.3
172,Washington Heights,40.851902525553044,-73.93690027985234,Claire's,5140f01ce4b0fc7cdf26a64f,40.849839,-73.93551500000002,Accessories Store,6.9
173,Washington Heights,40.851902525553044,-73.93690027985234,Marisco Centro (Seafood Restaurant & Fish Market),4bdcc53e03be20a1c7b2849b,40.85133231436476,-73.9318637321785,Seafood Restaurant,7.3
174,Washington Heights,40.851902525553044,-73.93690027985234,Mambi Steak House Bar & Grill,4acce300f964a520e2c920e3,40.84761525167604,-73.9381434370757,Spanish Restaurant,7.5
175,Washington Heights,40.851902525553044,-73.93690027985234,Sushi Yu II,4a4a642cf964a520bdab1fe3,40.851254677228496,-73.93965198989514,Sushi Restaurant,6.8
176,Washington Heights,40.851902525553044,-73.93690027985234,Refried Beans Mexican Restaurant,4b2c33d0f964a520aac324e3,40.85503858399724,-73.93703107149052,Mexican Restaurant,7.1
177,Washington Heights,40.851902525553044,-73.93690027985234,Moscow on the Hudson,4b3fb916f964a5203fad25e3,40.850958871640614,-73.93864544774257,Grocery Store,6.7
178,Washington Heights,40.851902525553044,-73.93690027985234,Golden Star,4b8d55aef964a52050f532e3,40.84972502907437,-73.93625936786627,Chinese Restaurant,6.8
179,Washington Heights,40.851902525553044,-73.93690027985234,GNC,58b6fa567d0f6d1bd9244441,40.84952,-73.934875,Supplement Shop,6.9
180,Washington Heights,40.851902525553044,-73.93690027985234,Kazza Wine Bar,55739017498eef85afc14a4e,40.84769385813797,-73.93862109202699,Wine Bar,7.3
181,Washington Heights,40.851902525553044,-73.93690027985234,El Guanaco Restaurant Pupuseria,4debcfd645dd3993a8af6691,40.848216,-73.938164,Latin American Restaurant,7.1
182,Washington Heights,40.851902525553044,-73.93690027985234,Chase Bank,5c40b58e9deb7d00393f7d6e,40.850282,-73.93530799999999,Bank,6.6
183,Washington Heights,40.851902525553044,-73.93690027985234,Gap Factory Store,5a31ac0b112c6c3d64dcfae6,40.84892896898477,-73.93859094026159,Clothing Store,6.9
184,Washington Heights,40.851902525553044,-73.93690027985234,Spoiled Brats,4ba682cff964a520825939e3,40.85137620658814,-73.93528463692203,Pet Store,6.5
185,Washington Heights,40.851902525553044,-73.93690027985234,El Panadero Bakery,4a511650f964a52090b01fe3,40.84798673559104,-73.93477616565791,Bakery,7.1
186,Washington Heights,40.851902525553044,-73.93690027985234,SUBWAY,4bd5ecfb5631c9b64bfca430,40.84925011493432,-73.93711605719487,Sandwich Place,6.7
187,Washington Heights,40.851902525553044,-73.93690027985234,Pick and Eat,4d2d39b469f42d439d16ad8a,40.84755809230442,-73.93821158547597,Café,7.1
188,Washington Heights,40.851902525553044,-73.93690027985234,No. 1 Chinese Restaurant,4b3fe94af964a520e2b125e3,40.85123671099153,-73.93960586750859,Chinese Restaurant,6.5
189,Washington Heights,40.851902525553044,-73.93690027985234,Vicky's Diner,49eb56f6f964a520c5661fe3,40.855190319853904,-73.93716531922621,Diner,6.8
190,Washington Heights,40.851902525553044,-73.93690027985234,GameStop,56ec88a2498ef62eb86c7017,40.84857,-73.934384,Video Game Store,6.9
191,Washington Heights,40.851902525553044,-73.93690027985234,SUBWAY,4c12ba9af1e0b713fd8834bc,40.851752205864,-73.93160322969925,Sandwich Place,6.9
192,Washington Heights,40.851902525553044,-73.93690027985234,Hertz,4c6d9b7b4d24b60cd65cd6d8,40.852022,-73.934332,Rental Car Location,6.4
193,Washington Heights,40.851902525553044,-73.93690027985234,Floridita Broadway Bakery,4bc33a67461576b0574d7e32,40.84778119590665,-73.93785127878681,Bakery,6.9
194,Washington Heights,40.851902525553044,-73.93690027985234,Capital One Bank,4d31e7265c2db60c1fb6bc6c,40.849556299999996,-73.9349611,Bank,6.5
195,Washington Heights,40.851902525553044,-73.93690027985234,181st Street & St. Nicholas Avenue,50622a2fe4b0a433c33f183f,40.84931972393604,-73.93374534151803,Rest Area,6.6
196,Washington Heights,40.851902525553044,-73.93690027985234,The Children's Place,4bd33cb241b9ef3b63a2ffe5,40.849345875312096,-73.93399132525082,Kids Store,6.5
197,Washington Heights,40.851902525553044,-73.93690027985234,New York & Company,4ce80571f1c6236aba275df0,40.85020494128938,-73.93574962214448,Women's Store,6.1
198,Washington Heights,40.851902525553044,-73.93690027985234,Scoop Cafe,51e07e05498e1db52d319291,40.849988223249156,-73.93539645226812,Café,6.1
199,Washington Heights,40.851902525553044,-73.93690027985234,The UPS Store,4beafaf0183895211be90acf,40.84896959757678,-73.9325273036957,Shipping Store,6.5
200,Washington Heights,40.851902525553044,-73.93690027985234,T-Mobile,4e67acf2bd41e96a148c2a1f,40.848620000000004,-73.93451800000001,Mobile Phone Shop,6.3
201,Washington Heights,40.851902525553044,-73.93690027985234,Staples,4b1abaf2f964a5207ef023e3,40.8522284,-73.9343701,Paper / Office Supplies Store,5.9
202,Washington Heights,40.851902525553044,-73.93690027985234,Foot Locker,4d1a144f731976eb607509dc,40.849579999999996,-73.934,Shoe Store,6.1
203,Washington Heights,40.851902525553044,-73.93690027985234,Mi Ranchito,4ee2bbe8775b86c4028dec5d,40.850940043830036,-73.93270136537873,Mexican Restaurant,6.1
204,Washington Heights,40.851902525553044,-73.93690027985234,Dunkin',4e38a2cfbd415d9f63d711e9,40.85358361444566,-73.93446379847943,Donut Shop,5.8
205,Washington Heights,40.851902525553044,-73.93690027985234,Bravo Supermarkets,4bf994845317a5932f87017f,40.850675,-73.9359077,Grocery Store,5.6
206,Washington Heights,40.851902525553044,-73.93690027985234,Modell's Sporting Goods,4c5714b9b1369521d952735a,40.84939695101756,-73.93440607442065,Sporting Goods Shop,5.8
207,Washington Heights,40.851902525553044,-73.93690027985234,Key Food,4b131758f964a520fd9323e3,40.85387285643355,-73.93387824458537,Supermarket,5.6
208,Washington Heights,40.851902525553044,-73.93690027985234,Heights Liquor Supermarket,4f04e4b99adf79d872be63e6,40.84949508585047,-73.93466234207153,Liquor Store,not rated
209,Washington Heights,40.851902525553044,-73.93690027985234,Lucille Roberts,4bf4778b2d6295212e206058,40.84848713355125,-73.93463619433982,Gym,5.6
210,Washington Heights,40.851902525553044,-73.93690027985234,Dan's Supermarket,4c8fd5c5352da1cdf79a0cb2,40.851828949832594,-73.93239318833459,Supermarket,5.5
211,Washington Heights,40.851902525553044,-73.93690027985234,Dunkin',4c08e1907e3fc928a3f1f082,40.848971559412725,-73.93354349109637,Donut Shop,5.5
212,Washington Heights,40.851902525553044,-73.93690027985234,Rite Aid,4c6f1f54b5a5236ab45b4c52,40.8520924,-73.9313494,Pharmacy,5.6
213,Washington Heights,40.851902525553044,-73.93690027985234,MTA - M100,4c0047b392a6c9286cf843e2,40.85506637933896,-73.93385121247948,Bus Line,not rated
214,Washington Heights,40.851902525553044,-73.93690027985234,Fitz Grocery,4b13375cf964a5209d9523e3,40.85479667193832,-73.93332709431095,Grocery Store,not rated
215,Washington Heights,40.851902525553044,-73.93690027985234,Pizza Delia,4b5f96e1f964a5204ac329e3,40.85537145052558,-73.93321228181408,Pizza Place,not rated
216,Inwood,40.86768396449915,-73.92121042203897,PJ Wine,4ad9ef84f964a520111c21e3,40.86725069863996,-73.92234862213004,Wine Shop,9.2
217,Inwood,40.86768396449915,-73.92121042203897,Inwood Farmers Market,4b6d8b8cf964a520a77b2ce3,40.8690623647046,-73.92055952849027,Farmers Market,9.1
218,Inwood,40.86768396449915,-73.92121042203897,ChocNYC,56e5e266498e0421902ee559,40.868395719944225,-73.9187422003657,Bakery,9.1
219,Inwood,40.86768396449915,-73.92121042203897,Guadalupe Bar and Grill,4b0885d1f964a520a20d23e3,40.86733441190966,-73.92086276373738,Mexican Restaurant,8.5
220,Inwood,40.86768396449915,-73.92121042203897,Bocaditos Bistro,57fa6c67498e23e3cf1861f4,40.867118,-73.923829,Bistro,8.8
221,Inwood,40.86768396449915,-73.92121042203897,Inwood Gourmet,52923c8a11d23122fff06216,40.86859393673214,-73.92136081974698,Deli / Bodega,8.4
222,Inwood,40.86768396449915,-73.92121042203897,Inwood Local,4d9f1c39daf0dcb397f7a8a3,40.868032079412906,-73.92058148137625,Wine Bar,8.3
223,Inwood,40.86768396449915,-73.92121042203897,G's Coffee Shop,4be88652947820a1e802b5db,40.868417923956464,-73.92174351734803,Diner,8.3
224,Inwood,40.86768396449915,-73.92121042203897,Furry Fiends,4bcf8a2477b29c74f0538982,40.8682535048151,-73.92155219714418,Pet Store,8.2
225,Inwood,40.86768396449915,-73.92121042203897,Isham Park,4aa84225f964a520755020e3,40.86964681199003,-73.91921038865577,Park,8.9
226,Inwood,40.86768396449915,-73.92121042203897,fantastic lounge,536d733b498ed4eaf742c67e,40.866297,-73.919626,Latin American Restaurant,8.0
227,Inwood,40.86768396449915,-73.92121042203897,Garden Cafe,4c33cd1d16adc928e942c49c,40.868050488858266,-73.92047699521964,Café,7.8
228,Inwood,40.86768396449915,-73.92121042203897,Inwood Hill Park,49fe029cf964a5205d6f1fe3,40.870857526105226,-73.92012895296453,Park,9.2
229,Inwood,40.86768396449915,-73.92121042203897,Dichter Pharmacy,4c7e989ba7958cfa383c8e2b,40.86798676129993,-73.9207270084213,Pharmacy,7.7
230,Inwood,40.86768396449915,-73.92121042203897,Go Greenly,534ae4bc11d2903a086f91f5,40.86682225266927,-73.92368490409885,Frozen Yogurt Shop,7.8
231,Inwood,40.86768396449915,-73.92121042203897,Bread and Yoga,4af09262f964a5204edd21e3,40.8682294804136,-73.91802773071818,Yoga Studio,8.0
232,Inwood,40.86768396449915,-73.92121042203897,The Tubby Hook,5814dc8ed67ca5038583da78,40.86781567865924,-73.92073897853041,American Restaurant,7.6
233,Inwood,40.86768396449915,-73.92121042203897,Inwood Animal Clinic,4b76d725f964a5202f632ee3,40.866524372266475,-73.92459057127897,Veterinarian,8.1
234,Inwood,40.86768396449915,-73.92121042203897,Bizcocho De Colores,4be6f989d4f7c9b62e472720,40.86603519503445,-73.91939635323097,Bakery,7.7
235,Inwood,40.86768396449915,-73.92121042203897,Inwood Bar and Grill,56218101498e22966bef8816,40.86704379362675,-73.92257045428569,Restaurant,7.5
236,Inwood,40.86768396449915,-73.92121042203897,Anchor Heights,580142e238fa217aefab193e,40.86680693822919,-73.92050256697367,Wine Bar,7.4
237,Inwood,40.86768396449915,-73.92121042203897,La Reina Del Chicharron,4c043cd3f423a593955dd116,40.866356651741405,-73.92501189872719,Spanish Restaurant,7.9
238,Inwood,40.86768396449915,-73.92121042203897,Fidel's Gourmet Deli,4c5a7f65b1aa9c74c7560c49,40.86756287985037,-73.92438592402836,Deli / Bodega,7.6
239,Inwood,40.86768396449915,-73.92121042203897,Cafe De Broadway,53a108d6498efe2b536a8dc3,40.868299986514465,-73.9189277969204,Café,7.3
240,Inwood,40.86768396449915,-73.92121042203897,Made in Mexico,53e58cd0498e01b8fae39b41,40.86727537546098,-73.91708993197773,Mexican Restaurant,7.7
241,Inwood,40.86768396449915,-73.92121042203897,The Liffy II Bar,4b2b1dfbf964a52083b424e3,40.86904222830055,-73.91729960259805,Bar,7.7
242,Inwood,40.86768396449915,-73.92121042203897,Guacamole,5830ff3044587f7beb2271cc,40.86965900000001,-73.916736,Mexican Restaurant,8.1
243,Inwood,40.86768396449915,-73.92121042203897,Genesis Autentica Comida Ecuatoriana,4d6ab34b994f224bc1cb0beb,40.8654980859935,-73.91984190208423,Restaurant,7.3
244,Inwood,40.86768396449915,-73.92121042203897,Dolce Vida Frozen Yogurt,521e20942fc64456919eacf9,40.868482907830256,-73.91846716403961,Frozen Yogurt Shop,7.3
245,Inwood,40.86768396449915,-73.92121042203897,Kuro Kirin,5c092ec2d1a402002cd083cb,40.866223,-73.925691,Coffee Shop,7.8
246,Inwood,40.86768396449915,-73.92121042203897,Pick & Eat,55bd166d498ea08336045553,40.86761432151794,-73.92125256169876,American Restaurant,7.1
247,Inwood,40.86768396449915,-73.92121042203897,Grandpa's Brick Oven Pizza,4ab97430f964a520727f20e3,40.86821549098444,-73.9194188234502,Pizza Place,7.0
248,Inwood,40.86768396449915,-73.92121042203897,Republica,5905688f75eee432182b4fc9,40.864979,-73.923078,Restaurant,7.3
249,Inwood,40.86768396449915,-73.92121042203897,Beans & Vines,4b5b9070f964a520760729e3,40.86640788754024,-73.92482802288949,Café,7.3
250,Inwood,40.86768396449915,-73.92121042203897,Homer's Dog Run,4b11bbc1f964a520598323e3,40.871104050903995,-73.92176417332969,Dog Run,7.5
251,Inwood,40.86768396449915,-73.92121042203897,"""U"" Like",4bd5f4d229eb9c74c64594e1,40.8675317158944,-73.92156645636662,Chinese Restaurant,6.9
252,Inwood,40.86768396449915,-73.92121042203897,Lotus Express,4b9aeeedf964a52086e435e3,40.86628,-73.92456700000002,Chinese Restaurant,7.2
253,Inwood,40.86768396449915,-73.92121042203897,Indian Road Playground,4c991196db10b60c9df7866d,40.87180127827139,-73.9198711812677,Playground,7.7
254,Inwood,40.86768396449915,-73.92121042203897,Cafe Tabaco y Ron,4ba56909f964a520710439e3,40.86901579447504,-73.9157760815094,Lounge,7.7
255,Inwood,40.86768396449915,-73.92121042203897,Baskin-Robbins,4f91bda47beb818efa884355,40.867661,-73.920831,Ice Cream Shop,6.7
256,Inwood,40.86768396449915,-73.92121042203897,Dyckman Farmhouse Museum,4b00526cf964a520d53c22e3,40.86750525443129,-73.92434898524931,History Museum,6.8
257,Inwood,40.86768396449915,-73.92121042203897,Empanadas Monumental,4d9b780b91863704ffd522f9,40.86524925422833,-73.9196732420858,Empanada Restaurant,6.9
258,Inwood,40.86768396449915,-73.92121042203897,John's Fried Chicken,4bf4b935e5eba593d40c2090,40.864795924590695,-73.91947030101764,Fast Food Restaurant,7.0
259,Inwood,40.86768396449915,-73.92121042203897,disFruta,4e78ffe6d4c01c5f77f14a4f,40.86461291878351,-73.91919854494307,Juice Bar,7.1
260,Inwood,40.86768396449915,-73.92121042203897,El Tina Seafood Restaurant,4bb93e047421a5933fa7c240,40.86445981289547,-73.91909750842994,Seafood Restaurant,7.1
261,Inwood,40.86768396449915,-73.92121042203897,Azteca,4d824d2dbede548186840fd1,40.864000000000004,-73.91912427302933,Mexican Restaurant,6.9
262,Inwood,40.86768396449915,-73.92121042203897,Domino's Pizza,4c1a500163750f475910b367,40.8663161,-73.9256244,Pizza Place,6.6
263,Inwood,40.86768396449915,-73.92121042203897,Skyline Lounge,507f8d3ee4b01136c17a5a18,40.863525400921475,-73.91925631697427,Lounge,6.8
264,Inwood,40.86768396449915,-73.92121042203897,Little Caesars Pizza,513e2ef8e4b0959e6a11ec2b,40.86350186913787,-73.9200026506294,Pizza Place,6.5
265,Inwood,40.86768396449915,-73.92121042203897,Floridita Resturant,4e7e1c49b6345aca1fd69166,40.86397082388327,-73.91935389423473,Caribbean Restaurant,6.3
266,Inwood,40.86768396449915,-73.92121042203897,Skyline Bar Lounge,4f32446e19836c91c7c6c4bf,40.86359735874935,-73.91940946633676,Lounge,5.9
267,Inwood,40.86768396449915,-73.92121042203897,Fine Fare,4afa4fbdf964a520af1722e3,40.865754899774615,-73.92655697967369,Supermarket,5.9
268,Inwood,40.86768396449915,-73.92121042203897,Cafe Kolmaro,4d7d0796f260a09387db44ba,40.864746,-73.922005,Café,not rated
269,Inwood,40.86768396449915,-73.92121042203897,D.R. 99¢ Plaza,4df3c0e718386ecb4e31a4c6,40.86637341862161,-73.9253282546997,Convenience Store,not rated
270,Inwood,40.86768396449915,-73.92121042203897,El Mundo,4f36e71be4b00af1796fac7a,40.86412170189527,-73.9230740705098,Department Store,not rated
271,Inwood,40.86768396449915,-73.92121042203897,MTA MaBSTOA Bus Bx12 / +SBS at 207th Street / 10th Avenue,4d407236eeef88bf30be0b47,40.864195248286656,-73.91817097048349,Bus Station,not rated
272,Inwood,40.86768396449915,-73.92121042203897,Super Associated Marketplace,58103e8738fa8a34203b7c52,40.86387498350789,-73.91806710440072,Grocery Store,not rated
273,Hamilton Heights,40.823604284811935,-73.94968791883366,The Grange Bar & Eatery,51b15855498e85fb32404731,40.822553515536654,-73.9495322849762,Cocktail Bar,8.6
274,Hamilton Heights,40.823604284811935,-73.94968791883366,R.O.K.C,572e70e4498e66d841e9c25e,40.82365436586723,-73.95250628936665,Cocktail Bar,9.0
275,Hamilton Heights,40.823604284811935,-73.94968791883366,Cafe One,46e26948f964a520a24a1fe3,40.82213853417716,-73.94985305610274,Café,8.5
276,Hamilton Heights,40.823604284811935,-73.94968791883366,Fumo,56d8e01d498ef1500ae7fbfe,40.82141198794549,-73.95049884872276,Italian Restaurant,9.0
277,Hamilton Heights,40.823604284811935,-73.94968791883366,Bikram Yoga Harlem,4b4a2951f964a520e07c26e3,40.825671765134324,-73.9488869666513,Yoga Studio,8.7
278,Hamilton Heights,40.823604284811935,-73.94968791883366,Anchor Wine Bar,53ee7fe9498e649a7be0df90,40.82542420173819,-73.95120392704392,Wine Bar,8.6
279,Hamilton Heights,40.823604284811935,-73.94968791883366,Oso,57274808498e7db363dcc4bc,40.82194462624055,-73.95003838870034,Mexican Restaurant,8.2
280,Hamilton Heights,40.823604284811935,-73.94968791883366,Wat’s On Your Plate,4eb32c34e5fa17fc85cc483f,40.82563202528236,-73.94849438992527,Caribbean Restaurant,8.6
281,Hamilton Heights,40.823604284811935,-73.94968791883366,Brahman Yoga Studio,539487f4498e2f3990601b71,40.82531930121826,-73.94784807016127,Yoga Studio,8.3
282,Hamilton Heights,40.823604284811935,-73.94968791883366,Uncle Tony's Pizza,59beea8a26659b702af8a8e0,40.82144,-73.950766,Pizza Place,8.4
283,Hamilton Heights,40.823604284811935,-73.94968791883366,Hogshead Tavern,541b8c47498ebde707d51946,40.82391341488537,-73.94915226758634,Bar,7.9
284,Hamilton Heights,40.823604284811935,-73.94968791883366,Harlem Cigar Room,4f5795d0e4b024734925a904,40.82381297765499,-73.95225375113166,Smoke Shop,8.0
285,Hamilton Heights,40.823604284811935,-73.94968791883366,Frijolito's,575a15f6498e0db46deded82,40.823413,-73.952278,Mexican Restaurant,8.0
286,Hamilton Heights,40.823604284811935,-73.94968791883366,Geisha Japanese Cuisine,531a0207498e06b4656eb8c5,40.824354780033495,-73.95199336185046,Japanese Restaurant,7.9
287,Hamilton Heights,40.823604284811935,-73.94968791883366,Trufa,4da8ee246e81162ae7b15710,40.82308361212953,-73.95295214762749,Mediterranean Restaurant,8.3
288,Hamilton Heights,40.823604284811935,-73.94968791883366,Hamilton Grange National Memorial,4df67e70e4cd50071441065f,40.821368062807814,-73.94731163978575,Historic Site,8.5
289,Hamilton Heights,40.823604284811935,-73.94968791883366,Monkey Cup,55aa54bc498eac980f832bc9,40.82569352281918,-73.94723406493277,Coffee Shop,8.4
290,Hamilton Heights,40.823604284811935,-73.94968791883366,Sweet Chef Southern Style Bakery,4b0ea09ef964a520145923e3,40.824053,-73.94935500000003,Bakery,7.7
291,Hamilton Heights,40.823604284811935,-73.94968791883366,Tacos Express,4a3342cff964a520229b1fe3,40.82578402143021,-73.94874005434465,Food Truck,7.9
292,Hamilton Heights,40.823604284811935,-73.94968791883366,Jimbo's Hamburger Palace,4e4cd4e7bd413c4cc66c843d,40.82595392371681,-73.94926043908728,Burger Joint,7.9
293,Hamilton Heights,40.823604284811935,-73.94968791883366,Double Dutch Espresso,5b3cb1e828374e003971f2b1,40.821954,-73.95004300000001,Coffee Shop,7.5
294,Hamilton Heights,40.823604284811935,-73.94968791883366,La Nueva Flor de Broadway,4a177beff964a5205e791fe3,40.821895590790426,-73.95378234193336,Latin American Restaurant,8.4
295,Hamilton Heights,40.823604284811935,-73.94968791883366,Harlem School of the Arts,4abc0f05f964a5202d8620e3,40.822053042261295,-73.94582407824113,School,8.2
296,Hamilton Heights,40.823604284811935,-73.94968791883366,Clove Indian Restaurant & Bar,54c2bd96498eaf5142e3fe92,40.82128,-73.95062,Indian Restaurant,7.7
297,Hamilton Heights,40.823604284811935,-73.94968791883366,One Stop Patty Shop,4a7a35faf964a520dee81fe3,40.82501386609177,-73.94772136347088,Caribbean Restaurant,7.5
2579,Civic Center,40.71522892046282,-74.00541529873355,Atera,4f627061e4b05c1d57815977,40.71675176130724,-74.00571150855457,Molecular Gastronomy Restaurant,9.1
2580,Civic Center,40.71522892046282,-74.00541529873355,Heyday,57ad129c498e05b086594d72,40.715726000000004,-74.007767,Spa,9.0
2581,Civic Center,40.71522892046282,-74.00541529873355,Gibney Dance Center Downtown,53373f26498e940581c90985,40.71392316324669,-74.00566149204509,Dance Studio,8.9
2582,Civic Center,40.71522892046282,-74.00541529873355,Nish Nūsh,50ba9119e4b071a4bae6dc10,40.71553710116415,-74.00772452925565,Falafel Restaurant,8.8
2583,Civic Center,40.71522892046282,-74.00541529873355,African Burial Ground National Monument,4a9442e3f964a520f92020e3,40.714989753066526,-74.00552975826278,Monument / Landmark,8.7
2584,Civic Center,40.71522892046282,-74.00541529873355,Racines,534c9d7b498e1bdd443a40e1,40.71475415146124,-74.00758060020391,French Restaurant,8.5
2585,Civic Center,40.71522892046282,-74.00541529873355,Exceed Physical Culture,53910ac3498e57a5dc0eb160,40.715628620025605,-74.0079922583853,Gym / Fitness Center,8.8
2586,Civic Center,40.71522892046282,-74.00541529873355,CrossFit 212 TriBeCa,52001eed498e9ac16ca5e20b,40.71453743117048,-74.00599852611592,Gym,8.5
2587,Civic Center,40.71522892046282,-74.00541529873355,The Hummus & Pita Co,515c4ca3e4b00279706b095d,40.714453031801185,-74.00685274843354,Falafel Restaurant,8.4
2588,Civic Center,40.71522892046282,-74.00541529873355,Sophie's Cuban Cuisine,4b311e89f964a520890025e3,40.714802958944674,-74.00765642063459,Cuban Restaurant,8.3
2589,Civic Center,40.71522892046282,-74.00541529873355,Escape Games NYC,55475382498e6e7dfc721036,40.717475,-74.004913,General Entertainment,8.8
2590,Civic Center,40.71522892046282,-74.00541529873355,Takahachi,4a8f2f39f964a520471420e3,40.71652647412374,-74.00810108466206,Sushi Restaurant,9.0
2591,Civic Center,40.71522892046282,-74.00541529873355,Modern Martial Arts NYC Tribeca,4e31c3b1814d9a6fbde557c7,40.715430991736284,-74.00736173096483,Martial Arts Dojo,8.2
2592,Civic Center,40.71522892046282,-74.00541529873355,Philip Williams Posters,4b747291f964a52042dd2de3,40.715284231328276,-74.0087809395202,Antique Shop,9.0
2593,Civic Center,40.71522892046282,-74.00541529873355,Water4Dogs Rehabilitaion Center,4a75e7aef964a52098e11fe3,40.716838332425276,-74.00592175519766,Medical Center,8.1
2594,Civic Center,40.71522892046282,-74.00541529873355,Kula Yoga Project,4ad79413f964a520610c21e3,40.71434229015809,-74.00809356840004,Yoga Studio,8.5
2595,Civic Center,40.71522892046282,-74.00541529873355,Los Tacos No. 1,5d5f24ec09484500079aee00,40.714267,-74.008756,Taco Place,9.3
2596,Civic Center,40.71522892046282,-74.00541529873355,Ten Over Ten,4ce2a27cd58c60fc0fa1a76f,40.715941255669314,-74.00872053564494,Nail Salon,8.8
2597,Civic Center,40.71522892046282,-74.00541529873355,Foley Square,4abb7c09f964a520d18320e3,40.714508813225706,-74.00291919708252,Park,8.2
2598,Civic Center,40.71522892046282,-74.00541529873355,Chipotle Mexican Grill,4ee8e058f790a9d738d62d70,40.714606606499316,-74.00633473282073,Burrito Place,8.0
2599,Civic Center,40.71522892046282,-74.00541529873355,Tiny's and the Bar Upstairs,4dadcb124df0522cc5622202,40.71679304855808,-74.00821998878456,American Restaurant,8.7
2600,Civic Center,40.71522892046282,-74.00541529873355,Maxwell's Bar & Restaurant,4db5fbfe43a1369cb5dc2a1f,40.714943926437066,-74.00648461952706,Bar,8.0
2601,Civic Center,40.71522892046282,-74.00541529873355,Aire Ancient Baths,4fbbd9ede4b0756c0d4c2364,40.71814141164123,-74.00494121234846,Spa,9.5
2602,Civic Center,40.71522892046282,-74.00541529873355,Y7 Studio - Tribeca,5a817f4859c4231a14ba3998,40.717830572022706,-74.00620420657229,Gym / Fitness Center,8.7
2603,Civic Center,40.71522892046282,-74.00541529873355,Vivi Bubble Tea,58fd2804f79faa1c9cb04e81,40.71594984494608,-74.00458319478163,Bubble Tea Shop,8.0
2604,Civic Center,40.71522892046282,-74.00541529873355,Two Hands Restaurant & Bar,56d1c7e2cd105fe2c5c705b6,40.71793729407671,-74.0056947993655,Australian Restaurant,8.7
2605,Civic Center,40.71522892046282,-74.00541529873355,The Odeon,3fd66200f964a52083e61ee3,40.71701011409906,-74.00804244562225,French Restaurant,8.7
2606,Civic Center,40.71522892046282,-74.00541529873355,Ward III,4a411ea5f964a520cba41fe3,40.715885126086015,-74.00871361902419,Cocktail Bar,8.6
2607,Civic Center,40.71522892046282,-74.00541529873355,Blue Spoon Coffee Co.,49c79540f964a520af571fe3,40.71442758460977,-74.00685853301653,Coffee Shop,7.9
2608,Civic Center,40.71522892046282,-74.00541529873355,Hungry Ghost,5c7d2d843d4791002c881f1c,40.71537908911408,-74.00747585756598,Coffee Shop,7.9
2609,Civic Center,40.71522892046282,-74.00541529873355,Korin,4af5d65ff964a52091fd21e3,40.71482437714839,-74.00940425461492,Furniture / Home Store,9.3
2610,Civic Center,40.71522892046282,-74.00541529873355,Takahachi Bakery,4c154c9a77cea593c401d260,40.71365284530189,-74.00880389530171,Bakery,9.1
2611,Civic Center,40.71522892046282,-74.00541529873355,Primo’s,5ae28a7b15173e002cef3271,40.715500929658596,-74.00897677392395,Cocktail Bar,8.6
2612,Civic Center,40.71522892046282,-74.00541529873355,Hank's Juicy Beef,576c8b3c498eecbf1adee8e9,40.714349,-74.007215,Sandwich Place,7.9
2613,Civic Center,40.71522892046282,-74.00541529873355,Little Park,545c0436498e798e22ce4b2a,40.715486585249735,-74.00913313510836,American Restaurant,8.7
2614,Civic Center,40.71522892046282,-74.00541529873355,City Hall Park,3fd66200f964a520d8f11ee3,40.71241508549692,-74.00672422767822,Park,9.0
2615,Civic Center,40.71522892046282,-74.00541529873355,Weather Up,4cd89eeb6e8b5941660c64d2,40.71674084163369,-74.0086664438893,Cocktail Bar,8.8
2616,Civic Center,40.71522892046282,-74.00541529873355,Khe-Yo,51df85c9498edb5ea3ad2e2a,40.71675281687664,-74.0085837629522,Asian Restaurant,8.7
2617,Civic Center,40.71522892046282,-74.00541529873355,Think Coffee,5941bb256f706a35169d1b7a,40.71690888950524,-74.0039344788653,Coffee Shop,8.0
2618,Civic Center,40.71522892046282,-74.00541529873355,Gran Morsi,5421eb06498e1b6b9c1bfd9c,40.7142461922744,-74.00792514672227,Italian Restaurant,8.0
2619,Civic Center,40.71522892046282,-74.00541529873355,Crunch - Tribeca,53a4d335498e5cd1fc526408,40.71719541051037,-74.00512799620634,Gym / Fitness Center,7.9
2620,Civic Center,40.71522892046282,-74.00541529873355,Sushi of Gari Tribeca,50597c5ce4b05ea41644ac74,40.71668439227822,-74.00834342869238,Sushi Restaurant,8.4
2621,Civic Center,40.71522892046282,-74.00541529873355,20 Thomas St. (The Flea Theater),4ea89e6702d5b8174e85e65e,40.71616108888684,-74.0058255696069,Theater,7.8
2622,Civic Center,40.71522892046282,-74.00541529873355,Playgarden,4b6332a4f964a520f4692ae3,40.71820176415592,-74.00524750889353,Playground,8.6
2623,Civic Center,40.71522892046282,-74.00541529873355,1803,5977d66b64c8e14048a7af6d,40.71541804978279,-74.00742495064014,Cajun / Creole Restaurant,7.8
2624,Civic Center,40.71522892046282,-74.00541529873355,Potbelly Sandwich Shop,4f4d2593e4b00b42c3f1060f,40.714454131743295,-74.00582021953926,Sandwich Place,7.8
2625,Civic Center,40.71522892046282,-74.00541529873355,The Mysterious Bookshop,4b6469d3f964a52037b12ae3,40.71490950153982,-74.00948027011903,Bookstore,8.7
2626,Civic Center,40.71522892046282,-74.00541529873355,Chambers Street Wines,4adcf23cf964a520cc6221e3,40.71577306392837,-74.00971823312331,Wine Shop,9.1
2627,Civic Center,40.71522892046282,-74.00541529873355,Smyth Hotel,49efcc88f964a52006691fe3,40.7151439,-74.00918259999999,Hotel,8.4
2628,Civic Center,40.71522892046282,-74.00541529873355,SKY TING YOGA,582dbaabd21e031c1a35423d,40.718124153693154,-74.00305076100503,Yoga Studio,9.3
2629,Civic Center,40.71522892046282,-74.00541529873355,Aahar Indian Cuisine,575dea4c498e2739e43a27e2,40.71330656515891,-74.00799405698501,Indian Restaurant,8.2
2630,Civic Center,40.71522892046282,-74.00541529873355,Evening Bar,545a8c16498eeafe6d52b176,40.715300648056996,-74.00934703247239,Hotel Bar,8.4
2631,Civic Center,40.71522892046282,-74.00541529873355,Gourmet Garage,55fc18b1498e2c019ea4e3b3,40.71725579230746,-74.00311820017255,Gourmet Shop,8.1
2632,Civic Center,40.71522892046282,-74.00541529873355,The Frederick Hotel,59e391c3e1f22816d1b09cf5,40.71567457481397,-74.00904661160892,Hotel,8.2
2633,Civic Center,40.71522892046282,-74.00541529873355,Equinox Tribeca,4a6e331af964a52031d41fe3,40.71409860726041,-74.00968571792829,Gym,8.9
2634,Civic Center,40.71522892046282,-74.00541529873355,Babesta,4cc368704fcfbfb70a0cbe24,40.71476,-74.00928,Baby Store,8.3
2635,Civic Center,40.71522892046282,-74.00541529873355,Skin Laundry TriBeCa,58129a2038fae991d721586c,40.716404195263756,-74.00856979550123,Spa,8.1
2636,Civic Center,40.71522892046282,-74.00541529873355,Restaurant Marc Forgione,48510cf9f964a520a5501fe3,40.71637984317071,-74.00962933453428,New American Restaurant,8.7
2637,Civic Center,40.71522892046282,-74.00541529873355,The Class by Taryn Toomey,58a253c830ecc66c9e5b40a0,40.712752517714854,-74.0087335560157,Gym / Fitness Center,9.0
2638,Civic Center,40.71522892046282,-74.00541529873355,Pret A Manger,53e3bb65498e5b2677e00a7e,40.715963,-74.005201,Sandwich Place,7.6
2639,Civic Center,40.71522892046282,-74.00541529873355,sweetgreen,5ceeb56dc03635002ce7ab2a,40.715493,-74.008951,Salad Place,8.0
2640,Civic Center,40.71522892046282,-74.00541529873355,Church Street Boxing Gym,4b8dbba4f964a5201e0b33e3,40.713353574017404,-74.00906676030887,Boxing Gym,8.6
2641,Civic Center,40.71522892046282,-74.00541529873355,Mulberry & Vine,5171b5cc011cef9833bbb787,40.715176939663145,-74.01022747778283,Café,8.8
2642,Civic Center,40.71522892046282,-74.00541529873355,J.Crew,4f47cb00e4b0db1b34412a78,40.71735093098353,-74.00882542133331,Clothing Store,8.4
2643,Civic Center,40.71522892046282,-74.00541529873355,Best Made Company,50b014a4e4b0d4508b5aa2b1,40.71888103806229,-74.00474499588213,Sporting Goods Shop,8.8
2644,Civic Center,40.71522892046282,-74.00541529873355,FlashDancers Downtown,433b2e80f964a52036281fe3,40.71435,-74.0098,Strip Club,8.5
2645,Civic Center,40.71522892046282,-74.00541529873355,The Armoury,52a61e08498ed122720edb21,40.71713686910448,-74.00926863318854,Men's Store,8.5
2646,Civic Center,40.71522892046282,-74.00541529873355,Zucker's Bagels & Smoked Fish,4a4baaf8f964a52091ac1fe3,40.715579999999996,-74.00985,Bagel Shop,8.4
2647,Civic Center,40.71522892046282,-74.00541529873355,The Bar Room at Temple Court,57f0689d498e7d49d9189369,40.71144772875439,-74.00680157032005,Hotel Bar,9.4
2648,Civic Center,40.71522892046282,-74.00541529873355,Alba Dry Cleaner & Tailor,4c606c3e1e5cd13ad1a1a1ed,40.71143355866638,-74.00627233822603,Laundry Service,9.1
2649,Civic Center,40.71522892046282,-74.00541529873355,AQUA Studio NY,50e7557719a987828f27bd89,40.71804421954958,-74.00460466459401,Gym / Fitness Center,8.0
2650,Civic Center,40.71522892046282,-74.00541529873355,Modell's Sporting Goods,4a8c6b5af964a520ed0d20e3,40.714198484674284,-74.00614192268472,Sporting Goods Shop,7.5
2651,Civic Center,40.71522892046282,-74.00541529873355,The Wooly Daily,56093809498e5344ab8835a6,40.71213724343698,-74.00839457685004,Coffee Shop,9.0
2652,Civic Center,40.71522892046282,-74.00541529873355,Lyons Den Power Yoga,52891086498e0830151c0524,40.71887195590504,-74.00498876667474,Yoga Studio,8.7
2653,Civic Center,40.71522892046282,-74.00541529873355,Four Seasons Hotel New York Downtown,57c640ad498e74977f98372f,40.712612465019824,-74.00938032087629,Hotel,9.2
2654,Civic Center,40.71522892046282,-74.00541529873355,Duane Park,4c3cb549b36ac9285d7a0486,40.71717275801168,-74.00932869125117,Park,8.5
2655,Civic Center,40.71522892046282,-74.00541529873355,Tribeca's Kitchen,54242f3a498e53a21ee14b81,40.7161059809895,-74.00707600945124,Diner,7.5
2656,Civic Center,40.71522892046282,-74.00541529873355,Au Cheval,5c71d51689b06a002c6de87d,40.71807461768801,-74.0019744088625,American Restaurant,8.8
2657,Civic Center,40.71522892046282,-74.00541529873355,Frankly Wines,4a7f140cf964a520b4f21fe3,40.71447694276293,-74.0100388662148,Wine Shop,8.4
2658,Civic Center,40.71522892046282,-74.00541529873355,Maman,566c9c87498ef09a2940e605,40.71897320131639,-74.00626391172409,French Restaurant,8.7
2659,Civic Center,40.71522892046282,-74.00541529873355,Woolworth Building,4be99814a9900f479a811540,40.712559078189095,-74.00796435178208,Building,8.2
2660,Civic Center,40.71522892046282,-74.00541529873355,Mmuseumm,4fbd8a35e4b09ec7cefcc578,40.71733263447613,-74.00287628173828,Museum,7.9
2661,Civic Center,40.71522892046282,-74.00541529873355,Lekka Burger,5dc6f6a5ea8dfb00080f6faa,40.715246,-74.010559,Burger Joint,8.8
2662,Civic Center,40.71522892046282,-74.00541529873355,European Wax Center,5400b87a498e87c5ae6e5143,40.714709724399306,-74.00744765177626,Health & Beauty Service,7.4
2663,Civic Center,40.71522892046282,-74.00541529873355,Gotan,5487845b498ed6d0cef81f32,40.71921714832293,-74.00664210319519,Café,9.0
2664,Civic Center,40.71522892046282,-74.00541529873355,"The Beekman, A Thompson Hotel",56d8c0f8498edb854f926e6a,40.711172499999996,-74.0067017,Hotel,9.2
2665,Civic Center,40.71522892046282,-74.00541529873355,Blue Bottle Coffee,5d920337a6193400088e446d,40.718355,-74.002215,Coffee Shop,8.7
2666,Civic Center,40.71522892046282,-74.00541529873355,Postmasters Gallery,49e7a7b3f964a520fc641fe3,40.717179315719726,-74.00288809087712,Art Gallery,7.8
2667,Civic Center,40.71522892046282,-74.00541529873355,Billy's Bakery,4a41578df964a52028a51fe3,40.717893769266055,-74.0044555917205,Bakery,7.8
2668,Civic Center,40.71522892046282,-74.00541529873355,Augustine,58191674ded8f8626ed70af0,40.71130993467075,-74.00666043815025,French Restaurant,8.8
2669,Civic Center,40.71522892046282,-74.00541529873355,The Django,561efe55498ef9d8b978c917,40.71936473752016,-74.00488004789766,Lounge,9.0
2670,Civic Center,40.71522892046282,-74.00541529873355,Terra Wine Bar,524f650e11d2b2e01dc964f8,40.719268299999996,-74.0065046,Wine Bar,8.9
2671,Civic Center,40.71522892046282,-74.00541529873355,Mudville Restaurant & Tap House,45e5c256f964a52046431fe3,40.715335757238456,-74.00888099625213,Wings Joint,7.7
2672,Civic Center,40.71522892046282,-74.00541529873355,K&M Camera,4ad9ef87f964a520121c21e3,40.717649610813076,-74.00333819877109,Camera Store,7.8
2673,Civic Center,40.71522892046282,-74.00541529873355,Scalini Fedeli,437bc800f964a520a52a1fe3,40.71722617263501,-74.00943297013102,Italian Restaurant,8.3
2674,Civic Center,40.71522892046282,-74.00541529873355,Laughing Man Coffee & Tea,4ea0afbf9adf1e334e4cc0e6,40.7173944529165,-74.01010324607125,Coffee Shop,8.8
2675,Civic Center,40.71522892046282,-74.00541529873355,Juice Press,54148bc6498ea7bb8c05b70a,40.71478769908051,-74.0111317502157,Vegetarian / Vegan Restaurant,9.1
2676,Civic Center,40.71522892046282,-74.00541529873355,The Roxy Hotel Bar,5227e38d11d20c833c575320,40.719393533257495,-74.00492368351037,Cocktail Bar,8.8
2677,Civic Center,40.71522892046282,-74.00541529873355,The Roxy Hotel,3fd66200f964a520bbe61ee3,40.71934055853672,-74.00504389888542,Hotel,8.7
2678,Civic Center,40.71522892046282,-74.00541529873355,Sweet Lily,4b141fe9f964a520a79d23e3,40.71914305111835,-74.00653736323514,Spa,8.5
